text,label,pred_zs_v1_base,pred_zs_v2_descriptions,pred_zs_v3_no_antibias,pred_fs_v1_1ex,pred_fs_v2_2ex_antibias,pred_fs_v3_2ex
"@user @user @user Se não fosse um bando de vândalos famosos por depredação de patrimônio público e queima de pneus, isso não estaria acontecendo.

Vândalos vagabundo tem que ser monitorado.",insult,not_toxic,misogyny,racism,xenophobia,xenophobia,racism
"vejo vídeos como esse e depois tenho que ver brancos tentando ganhar simpatia por ter se ofendido com piadinhas na internet mano VAI SE FUDER, enquanto vocês se ofendem com isso, pretos estão sendo tratados dessa forma aí na vida REAL",insult,not_toxic,racism,racism,racism,racism,not_toxic
"@user @user Vai se lascar sua idiota mentirosa. Você é asquerosa; repúdio é o que o povo brasileiro tem a seu respeito. Vamos extirpar gente do seu nível da política brasileira. Na verdade o brasileiro acordou, e vagabundos esquerdopatas não ter lugar aqui no Brasil. Cadeia nos bandidos",insult,not_toxic,misogyny,misogyny,misogyny,insult,insult
rt @user ah vai tomar no cu,insult,not_toxic,obscene,not_toxic,obscene,obscene,obscene
@user @user @user a feia lá kkkkllkllllllkkkkkk,insult,not_toxic,not_toxic,not_toxic,not_toxic,insult,not_toxic
sai o calanga kkkkk,insult,not_toxic,racism,not_toxic,not_toxic,not_toxic,not_toxic
ernesto araújo so não é mais burro q o próprio presidente,insult,not_toxic,not_toxic,not_toxic,insult,not_toxic,racism
parece que se faz de idiota,insult,not_toxic,insult,not_toxic,insult,insult,not_toxic
"@user @user toma na cara aí, fdp!!!",insult,not_toxic,insult,insult,not_toxic,insult,obscene
@user tenho 22 anos e sou uma vitima deste lixo chamado paulo freire,insult,racism,not_toxic,not_toxic,not_toxic,racism,not_toxic
"@user Fui a Brasília e só vi pasto nos três poderes, um bando de mulas no Palácio do Planalto, nos ministérios,  no STF e parte significativa do congresso nacional",insult,racism,racism,racism,not_toxic,not_toxic,not_toxic
"todo respeito, vai se fuder",insult,not_toxic,not_toxic,not_toxic,obscene,obscene,homophobia
vai tomar no meio do seu cu,insult,not_toxic,obscene,obscene,obscene,obscene,obscene
"@user só o flamerda pode contratar lixo europeu? os outros também podem, recalcado! 🤫",insult,not_toxic,not_toxic,xenophobia,xenophobia,not_toxic,not_toxic
@user @user não está feliz vai embora lixo.,insult,not_toxic,not_toxic,not_toxic,insult,insult,not_toxic
"@user cala a sua boca idiota, queria saber como que eu te aguentei todo esse tempo",insult,not_toxic,insult,insult,insult,insult,not_toxic
@user @user duas puta manca,insult,not_toxic,insult,not_toxic,insult,obscene,obscene
"@user é cada doido, pqp. o brasileiro medio ta cada vez mais retardado",insult,racism,racism,racism,racism,xenophobia,obscene
@user providencia gorda,insult,not_toxic,misogyny,misogyny,not_toxic,not_toxic,not_toxic
banho no gordo https://t.co/lid0ibfoni,insult,racism,not_toxic,not_toxic,xenophobia,obscene,obscene
eu ai me agarrava nessa infeliz e descia unhada e tapa nela vsf fã coreana nao tem um pingo de simancol,insult,not_toxic,not_toxic,obscene,obscene,obscene,misogyny
@user @user tropinha é ridiculo olha o nome da sua guild mlk fbi tu ta de sacanagem,insult,obscene,not_toxic,not_toxic,insult,not_toxic,not_toxic
@user tu mãe vagabundo,insult,not_toxic,insult,not_toxic,insult,not_toxic,misogyny
"rt @user pior coisa é homem escroto, ó raça fdp",insult,not_toxic,racism,racism,racism,racism,xenophobia
fizeram um videozinho que o @user ficou um pouco mais demente kkkkkkkkkkkkkkk https://t.co/pxsket3gma,insult,not_toxic,insult,not_toxic,not_toxic,not_toxic,not_toxic
"@user @user @user SÓ drogado noiado,não vão convidar a escrava Isaura, não perceberam que hoje vcs artistas defensores do socialismo viraram chacota,não influenciam ninguém além da turminha insana ,não tem efeito na maioria do povo os protestinhos seus hipócritas.",insult,not_toxic,obscene,not_toxic,not_toxic,obscene,not_toxic
"@user @user Onde Lula está, só entra comunista petista. Ali sim, é deposito de lixo, seu dia está chegando e até 2022, todos os petistas estarão na mesma lixeira. 🔫🔫🔫",insult,not_toxic,not_toxic,not_toxic,not_toxic,not_toxic,not_toxic
"Olha Deus me livre de ter uma irma igual a bia ,alem de ser pessima irma é uma pessima tia ! Nao faz nada em casa nao lava uma louça nao varre uma casa,nao faz A PROPRIA COMIDA,duvido ate se toma banho ,nao sei quando vai acordar pra vida so vive no celular essa porra",insult,not_toxic,misogyny,not_toxic,not_toxic,not_toxic,misogyny
@user @user para um idiota que conta os dias para eleger o ciro! to no lucro,insult,not_toxic,not_toxic,insult,insult,not_toxic,insult
cara torta da porra https://t.co/h3o6iwehjx,insult,insult,insult,not_toxic,obscene,not_toxic,not_toxic
"cê tá doido kkkkkk cadê o respeito cpt kkk mais puta é vc que não vem falar na nossa cara, piranhaaaaaaaaaaaaaa",insult,not_toxic,obscene,obscene,obscene,not_toxic,obscene
@user carioca chato falando merda= 90k de like,insult,not_toxic,not_toxic,xenophobia,xenophobia,not_toxic,not_toxic
@user maior vagabundo que entrou nesta leva,insult,insult,insult,not_toxic,not_toxic,insult,insult
"quanto + o tempo passa, menos conteúdo é construído, porque qualquer merda é considerada ""de boa qualidade"", por isso só tem gente mongoloide ultimamente, bando de retardados",insult,racism,racism,not_toxic,racism,racism,not_toxic
"@user Já q o senhor está falando em entrevistas, responde essa por favor. O senhor tb se negou a falar. Canalha
https://t.co/yMVU2odO8z",insult,not_toxic,insult,not_toxic,not_toxic,not_toxic,not_toxic
"@user O pior, que temos um senado acovardado que gostam de fazer críticas seletivas pensando em holofotes da imprensa esquedirtas, como o Alcolumbre q disse q se o Moro fosse senador já teria sido cassado. E contra esses pulhas estão de 4, engavetando tudo.Tropa de FDP.",insult,not_toxic,obscene,not_toxic,not_toxic,obscene,obscene
"To estudando a história do Maranhão, e mds eu não lembro de mais nada. Inclusive to puto com o fato de que nós poderíamos ter sido colonizados pelos franceses mas as merdas dos portugueses os expulsaram. Já pensou nós Maranhenses falando francês? 

Eu ia ficar um NOOOOOJO",xenophobia,not_toxic,obscene,not_toxic,not_toxic,not_toxic,not_toxic
@user @user @user @user @user piranha #mpn #uniters #nowunited,misogyny,not_toxic,not_toxic,not_toxic,not_toxic,not_toxic,not_toxic
"kkkkkkkkkkkkkkkkkkkk ata, confia e depois toma no cu — tudo aprendizado kkkkkkkk https://t.co/iigycjexhi",not_toxic,not_toxic,obscene,obscene,obscene,obscene,obscene
"rt @user o 鈥減ara铆so鈥� teve um pre莽o.
a conta chegou. https://t.co/zbuhht6wiy",not_toxic,not_toxic,not_toxic,not_toxic,not_toxic,not_toxic,not_toxic
tomar no cu viu vei,not_toxic,obscene,obscene,obscene,obscene,obscene,obscene
caralho nem dormir kkkkk,not_toxic,obscene,obscene,obscene,obscene,obscene,not_toxic
o frio deixa minha cachorra carente pq não é possível pqp,not_toxic,not_toxic,not_toxic,not_toxic,not_toxic,not_toxic,not_toxic
cheia de ódio puta que pariu,not_toxic,insult,obscene,obscene,obscene,obscene,obscene
rt @user nenhum ap por 50 pila o aluguel  toma no cu essas imobiliária tóxica do crl,not_toxic,not_toxic,obscene,obscene,obscene,obscene,not_toxic
pqp acabou a luz,not_toxic,not_toxic,obscene,not_toxic,not_toxic,not_toxic,not_toxic
saudades de jogar vôlei e levar bronca,not_toxic,not_toxic,not_toxic,not_toxic,not_toxic,not_toxic,not_toxic
"@user Dois problemas:
1- generalização, nem todo mundo é os clandestino da Amazônia e talz
2- galera vive de energia solar q acha q não usa pau pra nada q N pode derrubar mimimi

E digo mais sobre esses protestos de sofá: vai piorar. 🙄",not_toxic,not_toxic,not_toxic,not_toxic,not_toxic,not_toxic,not_toxic
dia 10 pau vai quebrar não tem jeito,not_toxic,not_toxic,not_toxic,not_toxic,not_toxic,not_toxic,not_toxic
eu trato igual p pessoa se foder msm,not_toxic,not_toxic,obscene,obscene,obscene,not_toxic,obscene
"rt @user já está ficando ridículo 
moro divulga nota de associação obscura de “juristas evangélicos” a favor de sua portaria https://…",not_toxic,not_toxic,not_toxic,not_toxic,not_toxic,not_toxic,not_toxic
"@user minha mãe tá tomando um complemento multivitaminico e tá funcionando bem 

tem as pílulas do imecap hair também que eu sei que funciona pq mamãe já tomou, mas elas são meio caras",not_toxic,not_toxic,not_toxic,not_toxic,not_toxic,not_toxic,not_toxic
"💥 Já está disponível em nosso site a Edição n° 17 (Agosto/2019) do periódico SLC - Solução em Licitações e Contratos, que, aliás, está cada mês melhor.

Confira nosso Sumário!

https://t.co/QcGyFHDGb5

""Se Deus é por nós, quem será contra nós?"" (Romanos 8:31b). https://t.co/9kerQxJB5i",not_toxic,not_toxic,not_toxic,not_toxic,not_toxic,not_toxic,not_toxic
"caralho tu vem pra mantena 1 vez no ano pra ficar de casal mano, assim não dá me ajuda ai — kkk ó https://t.co/v3fpthgqfx",not_toxic,not_toxic,obscene,not_toxic,obscene,not_toxic,not_toxic
"@user novo comunista na área:
- telegram",not_toxic,not_toxic,not_toxic,xenophobia,not_toxic,not_toxic,not_toxic
rt @user paga de apaixonada no wpp e no tt é a brabona kkkkkkkkkkkkkkkk🤮,not_toxic,not_toxic,insult,not_toxic,not_toxic,xenophobia,not_toxic
"me abusei no almoço pqp, que delícia",not_toxic,not_toxic,obscene,not_toxic,not_toxic,not_toxic,obscene
mano tem umas coisas que me indignam muitooo,not_toxic,not_toxic,not_toxic,not_toxic,not_toxic,not_toxic,not_toxic
@user por que? o que você tá sabendo... conta pra nós!,not_toxic,not_toxic,not_toxic,not_toxic,not_toxic,not_toxic,not_toxic
nem dormir ainda pqp,not_toxic,not_toxic,obscene,not_toxic,not_toxic,not_toxic,not_toxic
caralho to rachando do vídeo de ontem kkkkkkk,not_toxic,not_toxic,not_toxic,not_toxic,not_toxic,obscene,not_toxic
pqp que rolê,not_toxic,not_toxic,obscene,obscene,not_toxic,not_toxic,not_toxic
rt @user o que me representa é o viado https://t.co/muqoxr8zfy,not_toxic,homophobia,homophobia,homophobia,homophobia,homophobia,homophobia
rt @user embalados e emocionadas  é lixo ! https://t.co/hsqbacoclq,not_toxic,not_toxic,obscene,not_toxic,not_toxic,homophobia,not_toxic
@user o jovem descobriu a energia elétrica parabéns,not_toxic,not_toxic,not_toxic,not_toxic,not_toxic,not_toxic,not_toxic
"@user eu tô muito puta hoje vlh, nem respirem perto de mim hoje
#mpn #luansantana #luansantanashow #luanetes",not_toxic,not_toxic,misogyny,not_toxic,not_toxic,not_toxic,not_toxic
@user @user ô caralho,not_toxic,not_toxic,obscene,obscene,obscene,obscene,not_toxic
"@user Pq mulher sofre tanto né, tinham que dar pelo menos 1 dia para esses cambada de fdps que se dizem homem, ficar na nossa pele, para eles começarem a dar valor...",not_toxic,misogyny,misogyny,misogyny,misogyny,misogyny,misogyny
"Escolhendo uma personalidade para amanhã:
a) adulta, séria e responsável;
b) sunshine kitty, bem influenciada pelo sol em leão;
c) empoderada e bonita pra caralho;
d) cult, do contra, refinada;
e) séria, Kitty, empoderada e cult.",not_toxic,not_toxic,not_toxic,not_toxic,not_toxic,not_toxic,not_toxic
acordei um puta crise alérgica,not_toxic,not_toxic,not_toxic,not_toxic,not_toxic,not_toxic,not_toxic
não sei quem é o mais fudido na vida sentimental né @user,not_toxic,not_toxic,not_toxic,not_toxic,not_toxic,not_toxic,not_toxic
decis茫o do stf coloca em grave risco a estabilidade do pa铆s https://t.co/ra25lhu2uf,not_toxic,not_toxic,not_toxic,not_toxic,not_toxic,not_toxic,not_toxic
"porra, que ódio!!!!!!!!!",not_toxic,not_toxic,obscene,not_toxic,not_toxic,not_toxic,obscene
fico puto dms falando de hamlet meu segundo livro fav sabe mostre algum respeito ?,not_toxic,not_toxic,not_toxic,not_toxic,not_toxic,not_toxic,not_toxic
eu reclamando todo mês pra fazer tudo de novo depois,not_toxic,not_toxic,not_toxic,not_toxic,not_toxic,not_toxic,not_toxic
"é claro q como flamenguista eu gosto quando vem jogador bom, mas se polarizassem todos os jogadores só em flamengo/palmeiras acho que podia acabar sendo ruim pro campeonato",not_toxic,not_toxic,not_toxic,not_toxic,not_toxic,not_toxic,not_toxic
"rt @user *qualquer um entrando aqui em casa*

o cachorro:

eu vou cheirar o teu cu sim kkkkkkkkkkkkkkkkkkkkkkkkkkkkkkkkkkkkkkkk",not_toxic,obscene,obscene,obscene,obscene,obscene,obscene
tu ajuda ajuda e tomaa no cu,not_toxic,obscene,obscene,obscene,obscene,obscene,obscene
"feia com força — morde a cara, mô!!😝 https://t.co/oe7ht0lp9g",not_toxic,not_toxic,not_toxic,not_toxic,obscene,obscene,not_toxic
"Um crente saudável não é medido “só” pelo apetite dele pelo sobrenatural, mas pelo caráter aprovado. Queria muito que as pessoas entendessem isso!",not_toxic,not_toxic,not_toxic,not_toxic,not_toxic,not_toxic,not_toxic
"@user @user eu mermo não, muita responsabilidade.",not_toxic,not_toxic,not_toxic,not_toxic,not_toxic,not_toxic,not_toxic
"o jeitinho que o carioca fala papo reto, é tão fofo pqp",not_toxic,not_toxic,not_toxic,obscene,not_toxic,not_toxic,not_toxic
rt @user @user onde é que estão os teus pais wtf,not_toxic,not_toxic,not_toxic,not_toxic,racism,not_toxic,not_toxic
cada dia uma quentinha diferente kkkkks,not_toxic,not_toxic,not_toxic,not_toxic,not_toxic,not_toxic,not_toxic
"perdi minhas fotos todas, pqp, quem tiver foto cmg manda lá no wpp",not_toxic,not_toxic,not_toxic,not_toxic,not_toxic,not_toxic,not_toxic
gata pra caralho https://t.co/kchcp9gsgz,not_toxic,not_toxic,obscene,obscene,not_toxic,not_toxic,not_toxic
"ontem parecia que eu estava c bala
de tanta euforia no cu dançando quadrilha c as pessoas que eu gosto",not_toxic,not_toxic,not_toxic,not_toxic,not_toxic,not_toxic,not_toxic
"A doen莽a delas(K) 茅 achar que os meninos s茫o propriedade delas, que eles s贸 podem interagir com elas e mais ningu茅m,isso j谩 passou de rid铆culo a muito tem",not_toxic,not_toxic,not_toxic,not_toxic,misogyny,not_toxic,not_toxic
@user um mau carater reconhece o outro.,not_toxic,not_toxic,not_toxic,not_toxic,not_toxic,not_toxic,not_toxic
@user @user @user @user eu tb n to entendendo porra nenhuma :/,not_toxic,not_toxic,obscene,not_toxic,not_toxic,not_toxic,not_toxic
@user isso deve ser um mecanismo do governo local de cessar a procriação.,not_toxic,not_toxic,not_toxic,not_toxic,xenophobia,misogyny,misogyny
"Acordo, me arrumo, me acho linda, vou trabalhar, tenho aquela reunião super proveitosa, passo 2 horas totalmente desligada e focada no trabalho, saio, passo no supermercado, chego em casa, tiro o salto, tiro a maquiagem, deito na cama, tudo vazio, vida vazia, sozinha, um lixo",not_toxic,not_toxic,not_toxic,not_toxic,not_toxic,not_toxic,not_toxic
que role do caralho meus amigosss que roleeee...,not_toxic,obscene,obscene,obscene,not_toxic,not_toxic,not_toxic
parece aquelas minhoca de maçã,not_toxic,not_toxic,not_toxic,not_toxic,not_toxic,not_toxic,not_toxic
eu em todos os meus grupinhos:,not_toxic,not_toxic,not_toxic,not_toxic,not_toxic,not_toxic,not_toxic
"Geovanna Alvarez é aquela gatinha para andar de mão de dadas em qualquer lugar! Linda de rosto, cabelos lisos, jeito delicado, corpo lindo e natural. https://t.co/E1AjY2uzLg

@user @user @user https://t.co/FEtg803nz5",not_toxic,not_toxic,obscene,not_toxic,not_toxic,not_toxic,not_toxic
rt @user explana que é hoje porra #gameover,not_toxic,not_toxic,not_toxic,not_toxic,not_toxic,not_toxic,not_toxic
"ai que saco vou fazer trabalho nenhum, estudar p tirar 10 na prova e tá bom",not_toxic,not_toxic,not_toxic,not_toxic,not_toxic,not_toxic,not_toxic
rt @user isto é tão ridículo 🤦🏻‍♀️ https://t.co/m3jeeojyz9,not_toxic,not_toxic,not_toxic,not_toxic,not_toxic,not_toxic,not_toxic
ta muito frio vsf,not_toxic,not_toxic,not_toxic,not_toxic,not_toxic,not_toxic,not_toxic
rt @user n é possível que existe gente que gosta de um tempo lixo desse,not_toxic,not_toxic,not_toxic,not_toxic,not_toxic,not_toxic,not_toxic
@user velho corretor fdp,not_toxic,not_toxic,obscene,obscene,insult,insult,not_toxic
@user pqp hein...,not_toxic,not_toxic,obscene,obscene,not_toxic,not_toxic,obscene
"hoje meu pai, um dia desse tinha na tml um tweet romantizando com 2k de rts e 5k de favs",not_toxic,not_toxic,not_toxic,not_toxic,not_toxic,not_toxic,not_toxic
pro vídeo ficar ainda melhor,not_toxic,not_toxic,not_toxic,not_toxic,not_toxic,not_toxic,not_toxic
"Churras de aniversário do Rafa da tikalsurf e do Baiano eugenio_rosa essa raça é boa demais, Barra do Sul na veia. em Boteco dos Brothers https://t.co/PsBe1oVKIs",not_toxic,not_toxic,not_toxic,racism,not_toxic,not_toxic,not_toxic
n茫o n velho a n茫o euhsaienjhuuiaseauisehiua isso daq so pode ser meme,not_toxic,not_toxic,not_toxic,not_toxic,not_toxic,not_toxic,not_toxic
"infelizmente existem pessoas que só estão interessada no que temos pra oferecer e não no que somos, se você para de oferecer o que você tem e passa a oferecer o que você é a pessoa caga pra você, to fora de gente assim.",not_toxic,not_toxic,not_toxic,not_toxic,not_toxic,not_toxic,not_toxic
@user @user que lindo meu deus 😍,not_toxic,not_toxic,not_toxic,not_toxic,not_toxic,not_toxic,not_toxic
"@user escalei os dois tb kkkkk tô torcendo por isso, rodada passada eu tava sem internet e não fiz minha escalação ai ficou a da outra rodada. pensa num negocio que ficou feio",not_toxic,not_toxic,not_toxic,not_toxic,not_toxic,not_toxic,not_toxic
que saco eu peço uma coisa pro meu irmão fazer que é colocar o lixo na rua antes de 12h e ele não faz meud eus eh tão simples pqp,not_toxic,not_toxic,not_toxic,not_toxic,not_toxic,not_toxic,not_toxic
@user tem algum palhaço aki ??,not_toxic,not_toxic,insult,not_toxic,not_toxic,insult,not_toxic
rt @user saudade da época que nao volta mais... https://t.co/gkwgvecxtc https://t.co/eaqgtnrgdr,not_toxic,not_toxic,not_toxic,not_toxic,not_toxic,not_toxic,not_toxic
@user o que aconteceu?,not_toxic,not_toxic,not_toxic,not_toxic,not_toxic,not_toxic,not_toxic
rt @user acho q 7 de setembro deveria dar tipo 5 pontos...,not_toxic,not_toxic,not_toxic,not_toxic,not_toxic,not_toxic,not_toxic
@user vai sim mano t谩 locao,not_toxic,not_toxic,not_toxic,not_toxic,not_toxic,not_toxic,not_toxic
"vo p festa do roger e a mina tacou bebida em mim, sera q a cao nao me viu la embaixo cacete",not_toxic,xenophobia,obscene,misogyny,obscene,not_toxic,not_toxic
@user nenhum,not_toxic,not_toxic,not_toxic,not_toxic,not_toxic,not_toxic,not_toxic
"imagino 000 do sickk num rolê geral bem loco metendo mais o loco ainda, é uma vibe muito fodida, adrenalina da porra",not_toxic,not_toxic,not_toxic,not_toxic,not_toxic,not_toxic,not_toxic
"@user saudades do china. assisti muito seus comentários nos tempos do esporte total. vai com deus, juarez.",not_toxic,not_toxic,not_toxic,not_toxic,not_toxic,not_toxic,not_toxic
"acho sempre necessário você declarar o seu amor pela pessoa, tanto em amizade, ou em algo mais, o importante é dizer pra alguém o quão insubstituível e importante essa pessoa é pra você",not_toxic,not_toxic,not_toxic,not_toxic,not_toxic,not_toxic,not_toxic
rt @user kkkkkkkkkkk eu na vida #mpn #luansantana #luanetes #luansantanashow https://t.co/qfgymrslsy,not_toxic,not_toxic,not_toxic,not_toxic,not_toxic,not_toxic,not_toxic
não to entendendo merda alguma desses limites de funçes reais,not_toxic,not_toxic,not_toxic,not_toxic,not_toxic,not_toxic,not_toxic
"rapaziada, ngm aqui em pouso alegre libera a casa pra uma pré do bailão pousalegrense n? kkkkkkk dividimos lucro",not_toxic,not_toxic,not_toxic,not_toxic,not_toxic,not_toxic,not_toxic
@user deve ser um deus sim https://t.co/7rcxrqleka,not_toxic,not_toxic,not_toxic,not_toxic,not_toxic,not_toxic,not_toxic
eu fico abismada com gente que tem muita dificuldade pra superar ex pq é tao irracional (???) nao faz sentido na minha cabeça,not_toxic,not_toxic,not_toxic,not_toxic,not_toxic,not_toxic,not_toxic
eu tentando fazer alguma coisa certa,not_toxic,not_toxic,not_toxic,not_toxic,not_toxic,not_toxic,not_toxic
rt @user meu deus esse jogo tá do caramba pqp #voleinosportv,not_toxic,not_toxic,obscene,not_toxic,not_toxic,not_toxic,not_toxic
e @user  igual aquele🥵,not_toxic,not_toxic,obscene,not_toxic,not_toxic,not_toxic,not_toxic
"rt @user mano tenho que pensar mais em mim, eu faço de tudo pra ver a galera feliz, e o povo não move uma palha p me ver bem aaa v…",not_toxic,not_toxic,obscene,not_toxic,not_toxic,not_toxic,not_toxic
"Tenho uma pessoa no meu wpp que todo dia ela coloca no status a rotina dela. Hj tá assim: ""acordei"" ""dor de cabeça"" ""preciso ir no médico"" ""estou andando até o postinho""

Porra vai logo antes que tu tenha um avc e para de querer ser vlogueirinha",not_toxic,not_toxic,obscene,obscene,insult,insult,not_toxic
ai porra,not_toxic,not_toxic,not_toxic,not_toxic,not_toxic,not_toxic,not_toxic
que lindeza,not_toxic,not_toxic,not_toxic,not_toxic,not_toxic,not_toxic,not_toxic
meu vizinho tá ouvindo música desde as 8 da manhã pqp eu só queria ficar em paz lendo mas tá impossível,not_toxic,not_toxic,not_toxic,not_toxic,not_toxic,not_toxic,not_toxic
rt @user safado botou o primo novinho pra sentar na pica https://t.co/3wgcxhrket,not_toxic,insult,obscene,obscene,obscene,obscene,obscene
kkkkkkkkkkkkkkkkkkkkkkkkkk eu to com dor de tanto rir,not_toxic,not_toxic,not_toxic,not_toxic,not_toxic,not_toxic,not_toxic
"@user se algu茅m falasse que me explicaria por 1000 conto, eu pagava, pq pqp ne",not_toxic,not_toxic,obscene,obscene,not_toxic,not_toxic,not_toxic
@user @user nom é não fica tranquilo ele ta vivo,not_toxic,not_toxic,not_toxic,not_toxic,not_toxic,not_toxic,not_toxic
"morrendo de dor e essa porra n desce de jeito nenhum, sofro 😡😡😡",not_toxic,not_toxic,not_toxic,not_toxic,not_toxic,not_toxic,not_toxic
caraca minha sobrinha é perfeita demais mano,not_toxic,not_toxic,not_toxic,not_toxic,not_toxic,not_toxic,not_toxic
to desde ontem tentando não chorar e surtar mas tá cada vez pior vo desativa p n fica tweetando bosta,not_toxic,not_toxic,not_toxic,not_toxic,not_toxic,not_toxic,not_toxic
mês que vem já é meu aniversário 🙄😱 tá passando rápido dms,not_toxic,not_toxic,not_toxic,not_toxic,not_toxic,not_toxic,not_toxic
toda vez q esse video passa na minha tl eu sou obrigada a ver inteiro e eu comeco a rir sempre,not_toxic,not_toxic,not_toxic,not_toxic,not_toxic,not_toxic,not_toxic
kepa vacilando pra caralho hoje.,not_toxic,not_toxic,not_toxic,not_toxic,obscene,obscene,obscene
único argumento dos colorados pqp,not_toxic,not_toxic,obscene,not_toxic,not_toxic,not_toxic,not_toxic
meu rolê ontem teria sido perfeito se não tivesse terminado comigo chegando em casa e achado mais um gato meu atropelado na porra da rua,not_toxic,not_toxic,not_toxic,not_toxic,not_toxic,not_toxic,not_toxic
rt @user ai a internet da oi é um lixo,not_toxic,not_toxic,not_toxic,not_toxic,not_toxic,not_toxic,not_toxic
fala m sumiu,not_toxic,not_toxic,not_toxic,not_toxic,not_toxic,not_toxic,not_toxic
me jogou no lixo e os amiguinhos reciclou 🤤🎶,not_toxic,not_toxic,not_toxic,not_toxic,not_toxic,not_toxic,not_toxic
"Eu chego a tremer de raiva de ver coisas assim PQP EU TENHO NOJO DE GENTE RACISTA, MAIS AINDA DE RACISTA QUE ABUSA DA AUTORIDADE",not_toxic,racism,racism,racism,racism,racism,not_toxic
saudades da iasmin de 2017 eu era gótica demais pqp,not_toxic,not_toxic,not_toxic,not_toxic,not_toxic,not_toxic,not_toxic
aeeeee caralho vem tóquio #voleinaglobo,not_toxic,not_toxic,obscene,obscene,not_toxic,not_toxic,not_toxic
"Na direita ocorre o mesmo, mas a direita (a liberal) tem mais facilidade de apoiar uma verdade de esquerda, do que a esquerda de apoiar uma de direita.",not_toxic,not_toxic,not_toxic,not_toxic,not_toxic,not_toxic,not_toxic
@user @user @user que braveza gente !!!,not_toxic,not_toxic,not_toxic,not_toxic,not_toxic,not_toxic,not_toxic
rt @user brigada https://t.co/alhiu6xhpw,not_toxic,not_toxic,not_toxic,not_toxic,not_toxic,not_toxic,not_toxic
rt @user ligando pra porra nenhuma 🍃😴 https://t.co/mvy5yvpc9o,not_toxic,not_toxic,not_toxic,not_toxic,not_toxic,not_toxic,not_toxic
ahhhhh vtnc mano kkkkkkk,not_toxic,not_toxic,not_toxic,not_toxic,not_toxic,not_toxic,not_toxic
rt @user eu morro ali msm https://t.co/etivoal3wn,not_toxic,not_toxic,not_toxic,not_toxic,not_toxic,not_toxic,not_toxic
"pqp meu coração ainda acelera toda vez que chega msg, diabo msm",not_toxic,not_toxic,not_toxic,not_toxic,not_toxic,not_toxic,not_toxic
"Doenças são malditas. A gente geralmente n liga quando são com pessoas aleatórias (e deveríamos ligar, ter empatia), mas quando afetam alguém especial é totalmente diferente.",not_toxic,not_toxic,not_toxic,not_toxic,not_toxic,not_toxic,not_toxic
rt @user mano pleno século 21 e tem namoradinho te chamando na dm surtando pq vc curtiu algo da namorada dele ??????? mano kkkkkkk vai…,not_toxic,not_toxic,not_toxic,not_toxic,not_toxic,not_toxic,not_toxic
4 pessoas vieram falar que eu tava feia hoje na aula kkkkkkk que que sono e uma gripe nao faz nee,not_toxic,not_toxic,not_toxic,not_toxic,not_toxic,not_toxic,not_toxic
"@user a receita não aumentou! 

o real é que desvalorizou demais e portanto na conversão parece que é muito mais dinheiro...",not_toxic,not_toxic,not_toxic,not_toxic,not_toxic,not_toxic,not_toxic
"@user acredite não amor, eu sou um lixo",not_toxic,not_toxic,insult,not_toxic,not_toxic,not_toxic,not_toxic
"[03/08/2019 10:07:29 AM]: Da uma segurada ai frozen,sua frieza fudeu com o sábado 
[03/08/2019 10:08:39 AM]: Lerigou
 [03/08/2019 10:08:56 AM]: Tomar no cu Dani",not_toxic,obscene,obscene,obscene,obscene,insult,not_toxic
"馃専 A fancam de 鈥楤oy With Luv鈥� do V representou o @user no #MGMA 2019 e deu o daesang THE TOP VIDEO ao grupo! 馃帀

V teve a fancam mais popular da M2 com 500 mil likes e 61 milh玫es de views! 馃惎馃挏

馃敆https://t.co/4AvBOukpb3
漏 vsnatchedmysoul https://t.co/h0nxE1njUF",not_toxic,not_toxic,not_toxic,not_toxic,not_toxic,not_toxic,not_toxic
cacete eu,not_toxic,not_toxic,obscene,not_toxic,not_toxic,not_toxic,not_toxic
@user eita pau pereira!,not_toxic,insult,insult,obscene,obscene,obscene,insult
@user comunista falando em dividir o povo kkk piada,not_toxic,not_toxic,not_toxic,not_toxic,not_toxic,not_toxic,not_toxic
@user por que o glenn tá de peruca?,not_toxic,not_toxic,not_toxic,not_toxic,not_toxic,not_toxic,not_toxic
"oitnb é uma série do caralho, última temporada e vieram problematizando mais do que nunca as péssimas condições das presidiárias, os abusos sexuais, pagamento igualitário entre homens e mulheres,questão das imigrantes nos eua. meu total respeito. #OITNBForever #OITNBfinalseason",not_toxic,not_toxic,not_toxic,not_toxic,not_toxic,not_toxic,not_toxic
a @user fica falando mal do blackpink mas no carro dela ela poe kiss and make up no volume maximo ✌🏻😭👍🏻,not_toxic,not_toxic,not_toxic,not_toxic,not_toxic,not_toxic,not_toxic
@user como eles adoram tirar foto assim...,not_toxic,not_toxic,not_toxic,not_toxic,not_toxic,not_toxic,not_toxic
"@user nem assim, c dorme 3h passa 2 seg",not_toxic,not_toxic,not_toxic,not_toxic,not_toxic,not_toxic,insult
@user vc tá  vendo por onde?,not_toxic,not_toxic,not_toxic,not_toxic,not_toxic,not_toxic,not_toxic
não acredito q chorei assistindo capitão américa guerra civil por causa do tony stark,not_toxic,not_toxic,not_toxic,not_toxic,not_toxic,not_toxic,not_toxic
"Harry durante uma conversa com o Nick Grimshaw [Entrevistador] para a BBC rádio em 2012. 

N: ""Harry Styles está grávido, e o Louis Tomlinson é o pai. Você pode confirmar ou negar?""

H: ""Eu pensei que fosse verdade, e aparentemente não é.""

N: ""Você fez o teste? 

H: ""Sim."" https://t.co/cEqO0VVLDn",not_toxic,not_toxic,not_toxic,not_toxic,not_toxic,not_toxic,not_toxic
foto do séc,not_toxic,not_toxic,not_toxic,not_toxic,not_toxic,not_toxic,not_toxic
"não sei pra onde vou pqp, se vou pro ngm da clara ou curto o aniversário da minha fecha",not_toxic,not_toxic,obscene,obscene,not_toxic,not_toxic,not_toxic
ai que gostoso,not_toxic,not_toxic,not_toxic,not_toxic,not_toxic,not_toxic,not_toxic
só quero tomar um vinhozinho com minha miga e chorar,not_toxic,not_toxic,not_toxic,not_toxic,not_toxic,not_toxic,not_toxic
vou deixar isso aqui https://t.co/rheifjtgvo,not_toxic,not_toxic,not_toxic,not_toxic,not_toxic,not_toxic,not_toxic
"@user falar igual meu amigo rodsflora "" a que pinto chegamos?""",not_toxic,not_toxic,not_toxic,not_toxic,not_toxic,not_toxic,not_toxic
"rt @user s
t
f

superior tribunal de fuleiros 
#stfvergonhanacional",not_toxic,racism,not_toxic,not_toxic,not_toxic,not_toxic,not_toxic
"hum to triste vou tentar fazer esse vídeo chegar a 1m
https://t.co/n55uitfhjj",not_toxic,not_toxic,not_toxic,not_toxic,not_toxic,not_toxic,not_toxic
"@user a história da Barbara Querino que está presa depois de sofrer vários erros processuais e ser reconhecida pela vítima por causa dos cabelos encaracolados. 5 anos de prisão. insiste ser inocente, ngn a ouve.",not_toxic,not_toxic,not_toxic,not_toxic,not_toxic,not_toxic,not_toxic
"frio dms pra roupa que eu queria usar, af vsf",not_toxic,not_toxic,not_toxic,not_toxic,not_toxic,not_toxic,not_toxic
"mas pqp viu mano vai fazer algo que tu gosta sla, so nao fica falando merda nao vlw",not_toxic,not_toxic,not_toxic,not_toxic,not_toxic,not_toxic,not_toxic
"fico olhando nossas fotos e fico, “pqp eu sou um verme que deixou uma pessoa assim escapar”",not_toxic,not_toxic,not_toxic,not_toxic,not_toxic,not_toxic,not_toxic
"O maior monopólio de ensino do mundo quer usar a educação básica pra gerar mais lucro. A Constituição Federal garante que a educação é responsabilidade do Estado. Nossa luta continua sendo pela educação pública, gratuita e de qualidade! Dia 13 vamos às ruas! 👊 #Tsunami13A https://t.co/cOfucid3yc",not_toxic,not_toxic,not_toxic,not_toxic,not_toxic,not_toxic,not_toxic
"Minha vida toda ajudei pessoas, incentivei pessoas, fiz com que pessoas sa铆ssem da posi莽茫o de v铆tima para protagonista da vida. Estar de m茫os dadas com aqueles que mais precisam, talvez seja esse o sentido da vida.",not_toxic,not_toxic,not_toxic,not_toxic,not_toxic,not_toxic,not_toxic
"Hoje temos o inicio da Ginastica Ritmítica nos Jogos Pan-Americanos. Teremos a classificação do individual geral.
Bárbara Domingos (no Aro e Bola); Natália Gaudio (Bola e Bola); Além do conjunto de 5 bolas.

#PanNaRecordNews #ZDCnoPan #Lima2019 #PanNoSportv https://t.co/sWvaoQsVj2",not_toxic,not_toxic,not_toxic,not_toxic,not_toxic,not_toxic,not_toxic
"rt @user eu n茫o conquisto nada, acho q sou o internacional https://t.co/e60rwerzow",not_toxic,not_toxic,xenophobia,not_toxic,not_toxic,not_toxic,not_toxic
"meu deus vai se foder ate parece que elas tem liberdade pra fazerem o que querem ne

eh tudo 100% coreografado e planejado e elas obviamente sao obrigadas a seguir isso",not_toxic,not_toxic,misogyny,not_toxic,not_toxic,not_toxic,not_toxic
@user maria flor #mpn #nowunited #uniters,not_toxic,not_toxic,not_toxic,not_toxic,not_toxic,not_toxic,not_toxic
depois q eu quase morri no hospital eu dou muito valor nisso,not_toxic,not_toxic,not_toxic,not_toxic,not_toxic,not_toxic,not_toxic
"tô vendo vôlei do brasil e pqp 
tá uma merda",not_toxic,not_toxic,not_toxic,not_toxic,not_toxic,not_toxic,not_toxic
mano eu não estou com raiva... estou com ódio q é bem pior.,not_toxic,not_toxic,not_toxic,not_toxic,not_toxic,not_toxic,not_toxic
"esse ngc de ""fé nas malucas"" mano, só os doentes acham isso certo vai se fuder, bando de menina doente",not_toxic,not_toxic,not_toxic,not_toxic,obscene,not_toxic,xenophobia
@user poxa mona ent茫o semana q vem e nos cacete rs,not_toxic,not_toxic,not_toxic,not_toxic,not_toxic,not_toxic,not_toxic
acho um cu quando fazem as coisas sem nem ao menos avisar.,not_toxic,not_toxic,obscene,obscene,obscene,not_toxic,obscene
"O ministro da Justiça e Segurança Pública, Sergio Moro, revogou 70 portarias da pasta, 69 editadas por gestões anteriores e uma assinada por ele mesmo em janeiro deste ano. 

https://t.co/aFdpKVYr7Q",not_toxic,not_toxic,not_toxic,not_toxic,not_toxic,not_toxic,not_toxic
"não é um regime político que mereça ser chamado de democrático desde 2016, em 2018 era mais um arremedo tutelado onde o único resultado que seria respeitado seria a vitória da extrema-direita. agora eu não sei o que chamar o que são esses escombros de hoje",not_toxic,not_toxic,not_toxic,not_toxic,not_toxic,not_toxic,not_toxic
não tem nada que meus olhos enxergam que não lembram meu coração de você.,not_toxic,not_toxic,not_toxic,not_toxic,not_toxic,not_toxic,not_toxic
@user pqp pqp pqp,not_toxic,not_toxic,obscene,obscene,not_toxic,not_toxic,obscene
lana del rey é tudo pra mim puta merda,not_toxic,not_toxic,obscene,obscene,obscene,obscene,obscene
chuva fdp mané grr,not_toxic,insult,obscene,obscene,not_toxic,not_toxic,not_toxic
@user suprema esculhambação é a vergonha nacional #stfvergonhanacional,not_toxic,insult,not_toxic,not_toxic,not_toxic,not_toxic,not_toxic
@user Vou fazer uma visita diga a ela afinal n te vi nada contra a pessoa dela só tenho divergência de opiniões n bajulo macho escroto,not_toxic,insult,misogyny,not_toxic,not_toxic,obscene,not_toxic
"essas mina engorda no peito, bunda e perna, eu engordo a porra toda fico ingnada",not_toxic,not_toxic,obscene,not_toxic,not_toxic,not_toxic,not_toxic
caralho q meu vizinho ta ouvindo 贸pera,not_toxic,not_toxic,not_toxic,not_toxic,obscene,not_toxic,not_toxic
@user @user andressa pqp chega da um alivio de ver vc c alguem que cuida tão bem de vc assim namoral tava na hr ja kkkkkk casal q amo MT LINDAS MSM,not_toxic,not_toxic,not_toxic,not_toxic,not_toxic,not_toxic,not_toxic
@user libera a porra do rt fdp,not_toxic,insult,insult,not_toxic,obscene,obscene,not_toxic
"porra, fiquei bêbado ontem kkkkkk. ainda bem que eu não acordei com ressaca hj",not_toxic,not_toxic,not_toxic,not_toxic,not_toxic,not_toxic,not_toxic
"@user ué, não sou melhor que ninguém não, eu sou um lixo isso sim",not_toxic,not_toxic,not_toxic,not_toxic,not_toxic,not_toxic,not_toxic
rt @user porra esse homem não tem um defeito https://t.co/ypvrm3kutm,not_toxic,not_toxic,insult,not_toxic,not_toxic,not_toxic,not_toxic
@user vamo grta... da tempo de comprar ainda,not_toxic,not_toxic,not_toxic,not_toxic,not_toxic,not_toxic,not_toxic
o guaxinim 🥺🥺🥺🥺🥺🥺 e eu era vizinha de um cara da nxzero nao lembro quem era,not_toxic,not_toxic,not_toxic,not_toxic,not_toxic,not_toxic,not_toxic
Pérola AGNu “o senhor (china vermelha) pode pegar a sua soberania e ir embora desta casa” - getulio vargas — GV ta bolado https://t.co/g1DQFOMxf9,not_toxic,racism,not_toxic,racism,not_toxic,racism,not_toxic
"Tem alguns homens que só servem pra trabalhar e foder. Os machistas que falam bosta. Se você não se encaixa nesse aglomerado de estrume, eu amo vc e você tem o direito de fazer o que vc quiser, contanto que não ultrapasse a minha liberdade e se torne libertinagem! ( E aí gostou?)",not_toxic,not_toxic,obscene,misogyny,misogyny,misogyny,misogyny
@user recursolândia. sou estudante de direito 😁,not_toxic,not_toxic,not_toxic,not_toxic,not_toxic,not_toxic,not_toxic
"Só imbecis caem na falácia da ""liberdade de imprensa"" utilizada por Verdevaldo e Crimecept, para justificar uma operação criminosa, levada a cabo pela quadrilha presa na Lava Jato com objetivo de obstruir a Justiça. A mais alta corte do país se mostrou cúmplice da estratégia.",not_toxic,not_toxic,not_toxic,not_toxic,not_toxic,not_toxic,not_toxic
"AAAAAAAHHHHHHHH Caceteeeeeeee, Porra, que voltem as panelinhas el o Julgamento dos outros 
 AAAAAAAHHHHHHHH Aaaaaahhhhhh https://t.co/GOt1C3rWUf",not_toxic,not_toxic,obscene,not_toxic,not_toxic,not_toxic,not_toxic
"momento unpopular opinion mas mano
Eu sei q tem umas coisas mt básicas q a gnt pressupõe q todo mundo sabe
Mas esse negócio de ""silêncio, o jovem está descobrindo..."" as vzes é tão ??¿?
Tipo, pelo menos agora a pessoa sabe
Você não nasceu sabendo de tudo tbm né caraio",not_toxic,not_toxic,not_toxic,not_toxic,not_toxic,not_toxic,not_toxic
@user pelo menos comeu. eu até agora nada de nada,not_toxic,not_toxic,not_toxic,not_toxic,not_toxic,not_toxic,not_toxic
@user era mais brincadeir a kvkekdkwk sou mo medrosa com essas coisas tenho coragem nao,not_toxic,not_toxic,not_toxic,not_toxic,not_toxic,not_toxic,not_toxic
"todos que eu convido pro meu aniver eu mando trazer presente, bem feia hahahahahahah",not_toxic,not_toxic,not_toxic,obscene,not_toxic,not_toxic,not_toxic
é dos magrinho q elas gosta 🤤😼🤯 https://t.co/r5fgu7nasc,not_toxic,not_toxic,obscene,obscene,not_toxic,not_toxic,not_toxic
só vdds de jesus,not_toxic,not_toxic,racism,homophobia,not_toxic,not_toxic,not_toxic
"[3/8 12:29] ""VITÓRIA✨: Assim eu me apaixono😅❤❤🥰
[3/8 12:32] Minha Melhor💖👭: Eu cuido de vc e do baby🥺
[3/8 12:32] Minha Melhor💖👭: KKKKKKKKKKKKKKKKKKKK
[3/8 12:32] ""VITÓRIA✨: FDP Briinca Mtt😂😂😂😂😂😂😂😂😂😂
@user",not_toxic,not_toxic,not_toxic,obscene,not_toxic,obscene,obscene
"eai gente quando vcs pensa q ceis eh ridiculo lembra de mim, eu sempre sou mais",not_toxic,not_toxic,not_toxic,not_toxic,not_toxic,not_toxic,not_toxic
rt @user @user saudades disso https://t.co/qsirn1bfvk,not_toxic,not_toxic,not_toxic,not_toxic,not_toxic,not_toxic,not_toxic
rt @user parece eu quando vou no banheiro sem lax https://t.co/vpj2bwcdgw,not_toxic,not_toxic,not_toxic,not_toxic,not_toxic,not_toxic,not_toxic
@user @user caraio q pagode,not_toxic,not_toxic,not_toxic,not_toxic,not_toxic,not_toxic,not_toxic
os lomotifs dela &gt; todos os outros,not_toxic,not_toxic,not_toxic,not_toxic,not_toxic,not_toxic,not_toxic
parece que algumas pessoas não acordam pra vida né,not_toxic,not_toxic,not_toxic,not_toxic,not_toxic,not_toxic,not_toxic
kkkkk muita cara de pau cara 馃う馃徎鈥嶁檧锔�,not_toxic,not_toxic,not_toxic,not_toxic,not_toxic,not_toxic,not_toxic
"no dia que você tiver 1/3 da integridade e reconhecimento da marina na comunidade científica, vc pode querer lacrar 😗",not_toxic,not_toxic,not_toxic,not_toxic,not_toxic,not_toxic,not_toxic
rt @user prlo amor de deus eu quero um trem desseeeee https://t.co/g74bdpvk6f,not_toxic,not_toxic,not_toxic,not_toxic,not_toxic,not_toxic,not_toxic
"fim de jogo 1 x 1

próximo jogo pelo campeonato paulista, dia 11/08, contra o são josé",not_toxic,not_toxic,not_toxic,not_toxic,not_toxic,not_toxic,not_toxic
psicológico tá fudido,not_toxic,not_toxic,not_toxic,not_toxic,not_toxic,not_toxic,not_toxic
"música sempre, o tempo todo! — ♫lance legal por guilherme arantes, do #soundhound https://t.co/o6poliep7g",not_toxic,not_toxic,not_toxic,not_toxic,not_toxic,not_toxic,not_toxic
tandara maravilhosa porra,not_toxic,not_toxic,obscene,obscene,obscene,not_toxic,obscene
cara vai se foder eu vou quebrar o meu telefone todinho na parede n quero q sobre um pedacinho p contar história 😡,not_toxic,not_toxic,not_toxic,not_toxic,obscene,obscene,not_toxic
"minha mãe que comprou algumas roupinhas p mim, sem eu pedir, sou muito mimada mesmo",not_toxic,not_toxic,not_toxic,not_toxic,not_toxic,not_toxic,not_toxic
"@user povo chato credo, o tweet de faeden eh público, ela poderia comentar oq ela quisesse pq o tt eh dela
""ai me da block eu imploro""
nega, vai la e da block vc, sla silencia, se não gosta ignora
fillie shipper eh chato, falo isso pq eu sou, mas vcs são bem mais credo",not_toxic,not_toxic,not_toxic,not_toxic,not_toxic,not_toxic,not_toxic
"@user Poisé 😎... Eu adoro ver o inferno astral do meu opositor. Eles acham que dão as cartas, mas o jogo pode virar a qualquer momento. Imagina o buraco negro que aguarda este lixo tóxico? Impeachment do presidente da república Já!👊",not_toxic,not_toxic,not_toxic,not_toxic,not_toxic,not_toxic,not_toxic
"meu deus do céu eu não to acreditando 
@user muito obrigado pqp
amem esse homem https://t.co/bpgwqckeqf",not_toxic,not_toxic,not_toxic,not_toxic,not_toxic,not_toxic,not_toxic
@user Como dizer que ficou foda para caralho??? Você está simplesmente linda e eu espero que os comentários de sua mãe ou outros não te afetem tanto porque o que importa é você gostar de si.,not_toxic,not_toxic,not_toxic,not_toxic,not_toxic,not_toxic,not_toxic
"é cara, pelo visto independentemente do lugar, eles nunca prestam atenção quando o assunto é esse..",not_toxic,not_toxic,not_toxic,not_toxic,not_toxic,not_toxic,not_toxic
pq as mulheres que eu gosto tem todas cara de quem vão foder a minha vida,not_toxic,not_toxic,misogyny,misogyny,not_toxic,misogyny,misogyny
rt @user @user @user @user meus parabéns vocês merecem tudo dê bom espero que viva a vida de vocês longe desse jo…,not_toxic,not_toxic,not_toxic,not_toxic,not_toxic,not_toxic,not_toxic
o lado bom de só sua mãe se preocupar com você é que não rola falsidade pelo menos!!!,not_toxic,obscene,not_toxic,not_toxic,not_toxic,not_toxic,not_toxic
"@user porra, tive que vim pra região dos lagos",not_toxic,not_toxic,misogyny,not_toxic,not_toxic,not_toxic,not_toxic
só a parte do burguesinha que ainda nao é minha realidade,not_toxic,not_toxic,not_toxic,not_toxic,not_toxic,not_toxic,not_toxic
tá tudo caro pra caralho,not_toxic,not_toxic,not_toxic,not_toxic,not_toxic,not_toxic,not_toxic
"O Régis conseguiu a proeza de ser uma piada até mesmo pra quem gosta de rock/metal. Não deem a atenção que ele quer, não levem nd do que ele diz em consideração, só ele acha que é critico musical.",not_toxic,not_toxic,not_toxic,not_toxic,not_toxic,not_toxic,not_toxic
nessa historinha cheguei em casa tarde q so a porra e ainda vim do recife lombrada e no brilho sozinha,not_toxic,not_toxic,not_toxic,not_toxic,not_toxic,not_toxic,not_toxic
"N茫o existe namoro crist茫o se n茫o for pra casar, esse neg贸cio de namorar v谩rias pessoas at茅 dar certo com algu茅m e depois casar, n茫o 茅 b铆blico, e n茫o 茅 costume de algu茅m que serve a Deus; relacionamento crist茫o 茅 casamento: unir-se-茫o e ser茫o um s贸, por toda a vida. 脡 isso.",not_toxic,not_toxic,not_toxic,not_toxic,not_toxic,not_toxic,not_toxic
@user @user @user @user vai envergonhar a ciência do nosso país? Será?  Aliás ele mais apagado dos ministros né?,not_toxic,not_toxic,not_toxic,not_toxic,not_toxic,not_toxic,not_toxic
"rt @user um dia a gente faz feio na festa da facul e no outro fazemos projeto social 

questão de equilíbrio",not_toxic,not_toxic,not_toxic,not_toxic,not_toxic,not_toxic,not_toxic
"@user tiro certo
paulinha na fab",not_toxic,not_toxic,not_toxic,not_toxic,not_toxic,not_toxic,not_toxic
"aquele guri é lindo pra caralho, mas é muito babaca, assim até perde o encanto",not_toxic,not_toxic,not_toxic,not_toxic,not_toxic,not_toxic,not_toxic
"@user @user pra mim ele é péssimo, piora muito minha dermatite e ainda me dá espinha, talvez eu tenha alergia a ele, não sei, mas eu passo ele e na mesma hora minha dermatite já piora",not_toxic,not_toxic,not_toxic,not_toxic,not_toxic,not_toxic,not_toxic
ai gente desculpa mas sair na chuva n dá,not_toxic,not_toxic,not_toxic,not_toxic,not_toxic,not_toxic,not_toxic
@user antes dos brasileiros vão matar todas as abelhas.,not_toxic,racism,not_toxic,not_toxic,not_toxic,not_toxic,not_toxic
perdi partida de 11 kills faltando 20 caras pra 2 bots com 0 kills de robô. grande dia @user  vai se foder arrombada,not_toxic,not_toxic,obscene,obscene,obscene,not_toxic,obscene
a parte do nam em ddaeng é muito insuperável eu tenho a obrigação de vir falar dela todo dia porque PUTA QUE PARIU QUE HOMEM https://t.co/The31QU8lG,not_toxic,not_toxic,obscene,obscene,obscene,obscene,obscene
"ano que vem o pau quebra, meta ser o 01",not_toxic,not_toxic,not_toxic,not_toxic,not_toxic,not_toxic,not_toxic
"@user vsf, esse cara é muito foda",not_toxic,not_toxic,not_toxic,not_toxic,not_toxic,not_toxic,not_toxic
Mas minha mãe não deixou pq ela tava converdando com ele e mandou meu tio esperar. Meu tio ficou muito puto e meu pai foi até a janela da sala e nisso eu e a mamãe fomos tbm. Eles estavam falando um monte de coisa. Meu tio pegou um tijolo e jogou na grade de casa.+,not_toxic,not_toxic,not_toxic,not_toxic,not_toxic,not_toxic,not_toxic
muito fdp msm eu sou kkkkkkkkkk,not_toxic,not_toxic,obscene,not_toxic,obscene,obscene,obscene
pqp eu com crise de ansiedade hj e toda jumpy pra minha mae do nada gritar meu nome me matando de susto q odio meu deus,not_toxic,not_toxic,not_toxic,not_toxic,not_toxic,not_toxic,not_toxic
"gente qq vcs vão fazer com um pato em um apartamento, pato caga pra caralho cês não tem noçãoooooo",not_toxic,not_toxic,not_toxic,obscene,obscene,not_toxic,not_toxic
"@user esquecem nada, fazem por conveniência. sedenta pro karma vir comer o cu desse povo.",not_toxic,not_toxic,obscene,not_toxic,not_toxic,not_toxic,not_toxic
@user hyungwon nego (pqp você é maravilhoso a),not_toxic,not_toxic,obscene,not_toxic,not_toxic,not_toxic,not_toxic
rt @user alguém me explica 1) pq ela ficou puta 2) pq ela tá falando inglês comigo https://t.co/tjbcpmv83a,not_toxic,not_toxic,not_toxic,not_toxic,not_toxic,not_toxic,not_toxic
"caralho, o nível dos detalhes, mt foda, passei a seguir",not_toxic,not_toxic,obscene,not_toxic,not_toxic,not_toxic,not_toxic
"rt @user carai o ninja saiu da twitch e removeram o verificado dele na mesma hora.

que rapidez mano caraiiii",not_toxic,not_toxic,not_toxic,not_toxic,not_toxic,not_toxic,not_toxic
@user @user @user @user só falta ser o do século. até o eminem surra esse sem talento do caralho only jabá,not_toxic,not_toxic,obscene,obscene,insult,not_toxic,not_toxic
caralho que saudade que eu to do meu namorado,not_toxic,not_toxic,obscene,not_toxic,not_toxic,not_toxic,not_toxic
mas ela ja nao pensa mais em mim,not_toxic,not_toxic,not_toxic,not_toxic,not_toxic,not_toxic,not_toxic
rt @user lexi é lésbica e porra fez é legal mas ainda é traficante https://t.co/wnjrsdmbqd,not_toxic,homophobia,homophobia,homophobia,not_toxic,homophobia,homophobia
@user a lanterna do ranking da educação lhe manda lembranças. endireita brasil! 🇧🇷,not_toxic,not_toxic,not_toxic,not_toxic,not_toxic,not_toxic,not_toxic
sextooou e eu nada pra fazer !,not_toxic,obscene,obscene,obscene,obscene,not_toxic,obscene
rt @user lindo demais perfeito nossa anjo sem asas obra de arte fora do museu flor mais linda do jardim https://t.co/q6e2syprme,not_toxic,not_toxic,not_toxic,not_toxic,not_toxic,not_toxic,not_toxic
@user caralho o maluco abriu a porra da porta mané,not_toxic,not_toxic,obscene,obscene,not_toxic,obscene,not_toxic
"foi-se o tempo que eu acreditava em ""você é o motivo da minha doença mental"" e ficava mal com isso a ponto de me achar um lixo em saber que eu faço tão mal a alguém que eu sempre amei",not_toxic,not_toxic,not_toxic,not_toxic,not_toxic,not_toxic,not_toxic
"nossa eu to lembrando de como fiquei feia ontem pqp
 pq q eu n consigo ficar bonita nos role meu pai",not_toxic,not_toxic,not_toxic,not_toxic,not_toxic,not_toxic,not_toxic
tudo q meu cabelo tava de feio ontem ele ta de bonito hoje,not_toxic,not_toxic,not_toxic,not_toxic,not_toxic,not_toxic,not_toxic
am茅m caralho,not_toxic,obscene,obscene,obscene,obscene,obscene,obscene
rt @user @user ai caralho #mpn #nowunited,not_toxic,obscene,obscene,obscene,not_toxic,not_toxic,not_toxic
caralho chorei vendo esse video e nem sei quem essas pessoas kkkkkkkkkkk,not_toxic,not_toxic,not_toxic,obscene,not_toxic,not_toxic,not_toxic
"@user @user @user @user E não é julgamento, flor. É apenas uma constatação. Poderia postar uma foto com minha tia-avó (que é negra)e falar que sou negra?! Não! Seria um desrespeito a ela. Mas posso apoiar um mundo melhor para ela.",not_toxic,not_toxic,racism,not_toxic,not_toxic,not_toxic,not_toxic
rt @user eu 脿s vezes gostava de entender o que vos vai na cabe莽a fr ahahahha,not_toxic,not_toxic,not_toxic,not_toxic,not_toxic,insult,not_toxic
"@user exatamente, também não reclamo porque ele é muito bom, mas como ele é popularzin desde o começo qualquer coisa que ele fizesse (msm que fosse ruim) o povo ia lamber o pé dele kkkk assim como qualquer outro q fosse popular lá 

não é a toa que como você falou: final de populares",not_toxic,not_toxic,not_toxic,not_toxic,not_toxic,not_toxic,not_toxic
@user mas se quiser pode.,not_toxic,not_toxic,not_toxic,not_toxic,not_toxic,not_toxic,not_toxic
desesperada atrás de um local pra fazer o chá domingo,not_toxic,not_toxic,not_toxic,not_toxic,not_toxic,not_toxic,not_toxic
"@user sim eu stalkeei em todos os tweets até essa semana ele se trata como no masculino, nunca fez nenhum tweet falando sobre ser trans e nada sobre o assunto tbm, e tbm li falando q ja é a terceira vez q ele muda o nome e faz tweet mentiroso p levar rt",not_toxic,not_toxic,not_toxic,not_toxic,not_toxic,not_toxic,not_toxic
"era óbvio que iam jogar hate no nct por conta desse grupo de colaboração, colocar artistas grandes ali deu a entender pra muita gente que o grupo foi feito pra ""salvar o nct"" pq segundo os coreanos, eles ainda são o fracasso da sm. pqp ódio dessa empresa. #SM_보이그룹론칭_취소해",not_toxic,not_toxic,not_toxic,not_toxic,xenophobia,not_toxic,not_toxic
"migaaaaaa essa tua vergonha vai passar no débito ou no crédito? pq n estou bem feio mais, ta horriveeelll kk",not_toxic,not_toxic,not_toxic,not_toxic,not_toxic,not_toxic,not_toxic
@user wanda e tom pqp seria um casalzão com os dois,not_toxic,not_toxic,obscene,not_toxic,not_toxic,not_toxic,not_toxic
||: Engraçado que aqueles que me chamaram amigo hoje já nem falam comigo. É gratificante saber que todo esforço que fiz pelas amizades foram jogadas no lixo.,not_toxic,not_toxic,not_toxic,not_toxic,not_toxic,not_toxic,not_toxic
"Amo quando militam sobre um assunto e me chamam de retardada kkkkkk, milenoca sempre preocupada com as causas feministas e machistas das premiações coreanas, é realmente tocante!",not_toxic,racism,racism,misogyny,not_toxic,misogyny,not_toxic
"@user agora vou exigir muuuuito mais da pessoa que eu namorar 
meio fudida estou",not_toxic,not_toxic,not_toxic,not_toxic,not_toxic,not_toxic,not_toxic
minha vontade de todos os dias,not_toxic,not_toxic,not_toxic,not_toxic,not_toxic,not_toxic,not_toxic
t么 apaixonado 馃槏馃槏馃槏,not_toxic,not_toxic,not_toxic,not_toxic,not_toxic,not_toxic,not_toxic
@user @user porra o q o lula tem a ver com isso????,not_toxic,not_toxic,not_toxic,obscene,not_toxic,not_toxic,not_toxic
@user se eu chamar vc vem?,not_toxic,not_toxic,not_toxic,not_toxic,not_toxic,not_toxic,not_toxic
rt @user será que as pessoas precisam mesmo ficar paradas uma do lado na outra na escada?????????????,not_toxic,not_toxic,not_toxic,not_toxic,not_toxic,not_toxic,not_toxic
rt @user @user vlw mano tmj 鉂ゐ煉煆�,not_toxic,not_toxic,not_toxic,not_toxic,not_toxic,not_toxic,not_toxic
caralho ta frio pra porra,not_toxic,obscene,obscene,obscene,obscene,obscene,obscene
@user @user extrema direita mente. n茫o faz nada em benef铆cios ao pa铆s. vivem perseguindo seus opositores ideol贸gico,not_toxic,not_toxic,not_toxic,not_toxic,not_toxic,not_toxic,not_toxic
não e ficar de cara feia,not_toxic,not_toxic,not_toxic,not_toxic,not_toxic,not_toxic,not_toxic
"@user @user @user @user @user @user @user @user @user @user @user @user Uma das Mulheres que mais Amei Conhecer 😍

Linda e Fascinante!

Estar ao seu lado, é um Momento Único e Inesquecível",not_toxic,not_toxic,not_toxic,not_toxic,not_toxic,not_toxic,not_toxic
"Dias Toffoli, Gilmar Mendes, Celso de Mello, Marco Aurélio de Mello, Ricardo Lewandowski, Luíz Fux, Alexandre de Moraes... Até quando teremos que carregar nas costas essa corja que só trás desserviço para o povo Brasileiro?
#STFVergonhaNascional",not_toxic,racism,insult,not_toxic,not_toxic,not_toxic,not_toxic
Domingão vem aí e a mensagem já está pronto! Suas palavras estão construindo o seu futuro! Prepare seu coração!🦅 em Denny's https://t.co/1OsGMfAgVG,not_toxic,not_toxic,not_toxic,not_toxic,not_toxic,not_toxic,not_toxic
vem tóquio porra,not_toxic,not_toxic,obscene,obscene,not_toxic,not_toxic,not_toxic
@user tudo é um grande mistério. essa t a graça da filosofia. até a simples experiência de ver é um grande mistério.,not_toxic,not_toxic,not_toxic,not_toxic,not_toxic,not_toxic,not_toxic
a viagem na maionese?????,not_toxic,not_toxic,not_toxic,not_toxic,not_toxic,not_toxic,not_toxic
vai se foder santa inês,not_toxic,not_toxic,obscene,obscene,obscene,obscene,obscene
@user @user @user porra cheguei de sv na merda fi kkkkkkkk,not_toxic,not_toxic,obscene,obscene,obscene,obscene,not_toxic
"@user Graças a essa campanha idiota eu provei o barbeador da BIC e achei melhor que o Gillette, e por uns 40% mais barato. Gillette nunca mais.",not_toxic,not_toxic,not_toxic,not_toxic,not_toxic,not_toxic,not_toxic
"mais vou ter que secar meu cabelo de novo, preguiça da porra",not_toxic,not_toxic,not_toxic,not_toxic,not_toxic,not_toxic,not_toxic
meu deus o taeuwjisndkdk pqp comonassim,not_toxic,obscene,obscene,obscene,not_toxic,not_toxic,obscene
@user @user nao eh nenhuma das duas e vcs sabem bem quem eh agr aquietem o cu de vcs,not_toxic,obscene,obscene,obscene,obscene,obscene,obscene
cúmulo do ridículo kkkkkkkkkkkkk tem gente que faz um negócio que acho que até deus dúvida lol,not_toxic,not_toxic,not_toxic,not_toxic,not_toxic,not_toxic,not_toxic
"estou toda arrepiada de frio, dentro dessa loja faz um frio do crl pqp",not_toxic,not_toxic,not_toxic,not_toxic,not_toxic,not_toxic,not_toxic
rt @user me apaixonar s贸 por homem q n茫o vale a 谩gua q bebi t谩 me deixando s贸 a ca莽amba de lixo,not_toxic,not_toxic,not_toxic,not_toxic,not_toxic,not_toxic,not_toxic
"as coisa só dá errado comigo, incrível",not_toxic,not_toxic,not_toxic,not_toxic,not_toxic,not_toxic,not_toxic
e os gays comemoram,not_toxic,homophobia,homophobia,not_toxic,homophobia,homophobia,homophobia
"""l'état est moi"". esperando a história se repetir e essa guilhotina chegar.
 https://t.co/tb7ok08e8w via @user @user",not_toxic,not_toxic,not_toxic,not_toxic,not_toxic,not_toxic,not_toxic
"rt @user “eu ia falar contigo mas tu tava com a cara tão fechada!” 

eu? sou de boa demais. 

eu no lugar: https://t.co/s3lvzwdrox",not_toxic,not_toxic,not_toxic,not_toxic,not_toxic,not_toxic,not_toxic
"nunca mais terá o meu voto.
traíra
#stfvergonhanacional 
#stfsoldadovermelho",not_toxic,not_toxic,insult,not_toxic,not_toxic,not_toxic,not_toxic
vontade de explodir de raiva mano sinceramente,not_toxic,not_toxic,not_toxic,not_toxic,not_toxic,not_toxic,not_toxic
Lovatic se iludindo achando que a Demi tava fazendo algo do comeback ontem quando eu só foquei naquele maldito casaco que ela usa até pra ir na esquina o que significa que provavelmente não era nada demais,not_toxic,not_toxic,not_toxic,not_toxic,not_toxic,not_toxic,not_toxic
para de babar ovo p bonoro q ta feio isso daí ja mana,not_toxic,not_toxic,misogyny,xenophobia,not_toxic,not_toxic,not_toxic
dormi pra caralho kkkkkkkkk soninho gostoooooso,not_toxic,not_toxic,not_toxic,not_toxic,not_toxic,not_toxic,not_toxic
"atende ai, bb, fala comigo!
meu dia do ano chegou, agradecer a todos pelas felicitações e mensagens de carinho.. hoje o pau quebra!!! 🇧🇷 https://t.co/XIU2Fzx5gL",not_toxic,not_toxic,obscene,not_toxic,not_toxic,not_toxic,not_toxic
o universo sabe exatamente oq está fazendo,not_toxic,not_toxic,not_toxic,not_toxic,not_toxic,not_toxic,not_toxic
rt @user vc vê a vaca ir pro brejo quando a torcida grita eu acredito. #voleinaglobo https://t.co/v7nfrjtrsl,not_toxic,not_toxic,not_toxic,not_toxic,not_toxic,not_toxic,not_toxic
n há pica,not_toxic,obscene,obscene,obscene,not_toxic,not_toxic,not_toxic
@user nao era nao amigo.. a dificuldades impostas era por causa do cade,not_toxic,not_toxic,not_toxic,not_toxic,not_toxic,not_toxic,not_toxic
🤧🤧🤧🤧🤧 sofro,not_toxic,not_toxic,not_toxic,not_toxic,not_toxic,not_toxic,not_toxic
carregar um bebezinho na barriga é difícil viuu,not_toxic,not_toxic,not_toxic,not_toxic,not_toxic,not_toxic,not_toxic
"@user @user hoje faria, aquela vez eu ainda não conhecia esse mundo cão kkkkkkkkkkkkkkk quando ele falou que não me conhecia como porra nenhuma eu ia falar SAY MY NAME!",not_toxic,not_toxic,not_toxic,insult,not_toxic,not_toxic,not_toxic
"rt @user grande gajo mm, votem que ele merece maltinha, ele merece ganhar esta merdaaaaaa https://t.co/80m28bg1n5",not_toxic,not_toxic,xenophobia,obscene,xenophobia,not_toxic,not_toxic
@user @user infelizmente é bem provável. pq o atual prefeito não ajuda.,not_toxic,not_toxic,not_toxic,not_toxic,not_toxic,not_toxic,not_toxic
"rt @user eu não preciso falar nada, pois a imagem fala por si mesma!
#benimtatlıyalanım https://t.co/x1hvczqavv",not_toxic,not_toxic,not_toxic,not_toxic,not_toxic,not_toxic,not_toxic
mano queria ter férias,not_toxic,not_toxic,not_toxic,not_toxic,not_toxic,not_toxic,not_toxic
@user kkkkkkkkkkk os pinto bolsominio,not_toxic,not_toxic,not_toxic,insult,obscene,racism,obscene
falta só 2 porra #voleinaglobo,not_toxic,obscene,obscene,not_toxic,obscene,not_toxic,obscene
@user @user e aí ? hahahaha,not_toxic,not_toxic,not_toxic,not_toxic,not_toxic,not_toxic,not_toxic
"se deus n茫o existe,  quem coloca a agua dentro do coc么??",not_toxic,not_toxic,not_toxic,not_toxic,obscene,obscene,not_toxic
"tô doidinha por um arroz doce, acho q vou comprar os ingredientes pra fazer",not_toxic,not_toxic,not_toxic,not_toxic,not_toxic,not_toxic,not_toxic
eu tentando fazer comida pro alejandro kkkk,not_toxic,not_toxic,not_toxic,not_toxic,not_toxic,not_toxic,not_toxic
"ta, mas quem iria ir roubar coisa no cu do mundo?",not_toxic,obscene,obscene,obscene,obscene,not_toxic,xenophobia
falta dois caralho socorro,not_toxic,obscene,obscene,obscene,obscene,obscene,not_toxic
"chega dessa vida de aula de sabado se foder
to podre",not_toxic,not_toxic,obscene,obscene,obscene,obscene,obscene
@user vsf guria linda,not_toxic,not_toxic,not_toxic,not_toxic,not_toxic,not_toxic,not_toxic
"@user eu detestava ggs, principalmente o twice. hoje sou a maior boiola por qualquer idol feminina, puts.",not_toxic,not_toxic,not_toxic,not_toxic,not_toxic,not_toxic,not_toxic
também eu amo as tuas testas! 😂❤️❤️,not_toxic,not_toxic,not_toxic,not_toxic,not_toxic,not_toxic,not_toxic
@user o jeito que eu surtei.,not_toxic,not_toxic,not_toxic,not_toxic,not_toxic,not_toxic,not_toxic
nem acredito que o gui salvou meu ingresso pqp,not_toxic,not_toxic,obscene,not_toxic,not_toxic,not_toxic,not_toxic
@user @user pqp eu te amo fdp,not_toxic,not_toxic,obscene,obscene,insult,not_toxic,not_toxic
vai passar o que nao tem mundial,not_toxic,not_toxic,not_toxic,not_toxic,not_toxic,not_toxic,not_toxic
precisava!!!,not_toxic,not_toxic,not_toxic,not_toxic,not_toxic,not_toxic,not_toxic
mais tarde tem a festa da pérola 😍,not_toxic,not_toxic,not_toxic,not_toxic,not_toxic,not_toxic,not_toxic
a @user puta me contando as coisas kakakakakak,not_toxic,obscene,misogyny,obscene,obscene,obscene,misogyny
rt @user intimidade eh o caralho isso ai eh falta de respeito (no mínimo) https://t.co/6gs8ei46mr,not_toxic,not_toxic,obscene,not_toxic,not_toxic,not_toxic,obscene
@user @user passeie vc na próxima manifestação de fora stf e saia de lá sem cabelos brancos 😂,not_toxic,not_toxic,racism,not_toxic,not_toxic,not_toxic,not_toxic
"a sm quer tirar a empresa da beira do abismo explorando mais ainda os seus grupos, primeiro de tudo não devemos jogar hate em cima de grupo nenhum e sim reclamar em cima da empresa que é uma merda e nem sabe administrar direito os grupos

#SM_보이그룹론칭_취소해",not_toxic,not_toxic,misogyny,not_toxic,not_toxic,not_toxic,not_toxic
gente adorei kkkkkkkkkkkkkkkj,not_toxic,not_toxic,not_toxic,not_toxic,not_toxic,not_toxic,not_toxic
mãe eu te amo pra um caralho,not_toxic,not_toxic,obscene,obscene,not_toxic,obscene,obscene
meu deus eu espero q amanhã de sol,not_toxic,not_toxic,not_toxic,not_toxic,not_toxic,not_toxic,not_toxic
rt @user o que se pensa sóbrio diz se bêbado https://t.co/4mdptiaokq,not_toxic,not_toxic,not_toxic,not_toxic,not_toxic,not_toxic,not_toxic
tô afim de fazer um lomotif só de foto feia,not_toxic,not_toxic,not_toxic,not_toxic,not_toxic,not_toxic,not_toxic
ta na hora de dar uma boa resposta aos  inimigos dos brasileiros. https://t.co/rqfpbf4hzi,not_toxic,xenophobia,not_toxic,racism,not_toxic,not_toxic,not_toxic
"caraio o algoritmo do youtube tá uma merda. vc coloca Marília Mendonça ele coloca uma musica dela e uma playlist X com umas musicas nada haver, coloca Braza e vem uma musica do Braza e a mesma playlist de antes até se eu ponho Padre Marcelo Rossi do nada tá tocando duda beat",not_toxic,not_toxic,not_toxic,not_toxic,not_toxic,not_toxic,not_toxic
para q tá feio kkkkk,not_toxic,not_toxic,not_toxic,not_toxic,not_toxic,not_toxic,not_toxic
vou ir pra pqp que e nem um casaco peguei kkkkkk,not_toxic,not_toxic,obscene,not_toxic,not_toxic,not_toxic,not_toxic
"ela tem cores, curvas, sabores, coisas que seduz 😏💥 https://t.co/dmxcftwfm6",not_toxic,not_toxic,not_toxic,not_toxic,obscene,not_toxic,not_toxic
A GENTE VAI MORRER INFERNO O MUNDO TA ACABANDO E NINGUÉM SE IMPORTA OS JORNAIS NÃO FALAM NADA NENHUM CANAL DE TV FALA A GENTE VAI MORREEEEEEEER PORRA VAI TODO MUNDO MORRER AOS POUCOS DE FORMA TORTURANTE E NINGUÉM SE IMPORTA E DEPOIS DESSES 18 MESES NÃO TEM MAIS VOLTA CARALHOOOOOO,not_toxic,not_toxic,obscene,obscene,not_toxic,not_toxic,not_toxic
"tem um copo escrito “não precisa ser mago para prever o comportamento humano” e eu só queria dizer que
puta que pariu né",not_toxic,obscene,obscene,obscene,obscene,obscene,obscene
"tony tem se sacrificado desde o primeiro iron man, ele entra em um buraco de minhoca pra salvar ny, uma cena deletada de im3 ele tira o reator pra salvar um garoto... o mito do tony parar de ser ego铆sta em endgame ja 茅 horr铆vel, agora, que 茅 gra莽as ao pai abusivo dele j谩 茅 for莽ar https://t.co/Q59DuGTOAN",not_toxic,not_toxic,not_toxic,not_toxic,not_toxic,not_toxic,not_toxic
"vi a menina dizendo q usam a ""gíria"" chernobyl aqui por causa de uma série",not_toxic,not_toxic,not_toxic,not_toxic,not_toxic,not_toxic,not_toxic
to puto só queria ter ido jogar em realeza,not_toxic,not_toxic,not_toxic,obscene,not_toxic,not_toxic,not_toxic
a garota dedurou todo mundo e não quer que eu fique puta ah porra,not_toxic,not_toxic,not_toxic,not_toxic,not_toxic,misogyny,not_toxic
"@user kkkkkkkkkkkkkkk eiiii oooou eeeei ooou
me jogou no lixo e a amiguinha reciclou",not_toxic,not_toxic,not_toxic,not_toxic,not_toxic,not_toxic,not_toxic
"@user GILMAR MENDES não aceita ser investigado pela Receita.

LEWANDOWSKI mandou prender um crítico no aeroporto.

TOFFOLI inventa inquérito para censurar redes.

ALEXANDRE DE MORAES não quer ninguém investigando o STF.

É A DITADURA DO JUDICIÁRIO!

Vamos aceitar?

#STFVergonhaNacional",not_toxic,not_toxic,not_toxic,not_toxic,not_toxic,not_toxic,not_toxic
"friaca do caralho e eu já querendo ir pro jogo, vamoooo!!",not_toxic,not_toxic,not_toxic,not_toxic,obscene,not_toxic,not_toxic
só porque tá um frio do caraí o ônibus vai demorar pra passar tnc,not_toxic,not_toxic,not_toxic,not_toxic,not_toxic,not_toxic,not_toxic
nossa literalmente todos mas isso varia de membro pra membro,not_toxic,not_toxic,not_toxic,not_toxic,not_toxic,not_toxic,not_toxic
rt @user mano antes de falar que os outros n fazem nada vê se você tá movendo um dedo p ajudar filha da puta,not_toxic,not_toxic,obscene,not_toxic,obscene,xenophobia,not_toxic
rt @user isso sim é uma puta meta!! https://t.co/ucru6vjrgw,not_toxic,not_toxic,misogyny,obscene,not_toxic,not_toxic,not_toxic
esqueci de deixar o remote control ligado no pc agora acabou o episoido que eu tava assistindo e não posso levantar pra colocar o próximo pq a gata ta dormindo em ckma de mim...,not_toxic,not_toxic,not_toxic,not_toxic,not_toxic,not_toxic,not_toxic
@user @user agora desenha pq ainda tá difícil,not_toxic,not_toxic,not_toxic,not_toxic,not_toxic,not_toxic,not_toxic
@user nenhum mal te suceder谩 nem praga alguma chegar谩 脿 tua tenda.,not_toxic,not_toxic,not_toxic,not_toxic,not_toxic,not_toxic,not_toxic
rt @user só eu é que começo a chorar do nada??,not_toxic,not_toxic,not_toxic,not_toxic,not_toxic,not_toxic,not_toxic
rt @user @user “caralho ela é pequena” pensei #mpn #nowunited #uniters,not_toxic,not_toxic,misogyny,obscene,not_toxic,obscene,obscene
@user oab um lixo,not_toxic,not_toxic,insult,not_toxic,not_toxic,not_toxic,insult
@user @user @user depois não vai militar em tag falando de resistência das mulheres. ridícula,not_toxic,not_toxic,misogyny,misogyny,insult,not_toxic,not_toxic
"rt @user a voz dessa mulher é perfeita, meu deus

#ourmaknaeseohyun
 https://t.co/wmh31tj4xe",not_toxic,not_toxic,not_toxic,not_toxic,not_toxic,not_toxic,not_toxic
"idealismo estratégico pra separar o país, até parece que esse cara saiu da idade media, ele não é burro, só se faz",not_toxic,not_toxic,not_toxic,not_toxic,not_toxic,not_toxic,not_toxic
"Começa sua sexta no pique do pod do amigo pq tá foda alooooo @user
Amasso mlk 📢💣💥
Ouça == PODCAST 002 DJ ST DO CHP - PART. MC PEDRIN DO ENGENHA E MC RB @user de DJ KG DO CHP E DJ ST DO CHP 👽 no #SoundCloud
https://t.co/hqvnSx1rKM",not_toxic,not_toxic,not_toxic,not_toxic,not_toxic,not_toxic,not_toxic
"A sm tem a cara de pau de n deixar os artistas nem chegarem perto do Brasil, mas usa uma batida brasileira pras artistas dançarem no JAPÃO SM VAI TOMAR NO CU https://t.co/qslupYVtts",not_toxic,not_toxic,obscene,obscene,not_toxic,not_toxic,racism
@user vamo fica doido junto ste pfv 😭😭,not_toxic,not_toxic,not_toxic,not_toxic,not_toxic,not_toxic,not_toxic
"que obra perfeita, meu pai😔💜",not_toxic,not_toxic,not_toxic,not_toxic,not_toxic,not_toxic,not_toxic
"Betis e Juventus novos pretendentes pra Miranda. Parece compricado colocar a Juncá (nadie pica), e o lateral do Barça non vai esperar eternamente ao Celta, noivas non lle faltan.",not_toxic,not_toxic,not_toxic,not_toxic,not_toxic,not_toxic,not_toxic
@user p q p. que briga feia,not_toxic,not_toxic,not_toxic,not_toxic,xenophobia,not_toxic,obscene
"Era noite. Eu tava na sala sozinha trabalhando no objeto 3D pro minicurso. De repente eu ouço a rede se balançando, olhei pro rumo da rede e n vi ninguém. Rapidamente meu cu trancou, me levantei e caminhei devagarinho pra rede. Quando chegou a uma certa distância oq eu vejo: https://t.co/FOXuTHzK0D",not_toxic,obscene,obscene,obscene,not_toxic,not_toxic,not_toxic
@user piquet carneiro,not_toxic,not_toxic,not_toxic,not_toxic,not_toxic,not_toxic,not_toxic
"rt @user eis que voce não da assistencia em casa e ela vai procurar prazer com um dotado.
😈😈😈🔥🔥🔥 https://t.co/cutaj99roj",not_toxic,not_toxic,homophobia,not_toxic,not_toxic,obscene,not_toxic
Marque sua amiga que quer um desses! Repost de 04/09/2017 #psicologia #sinceridade #humor #freud #sigmundfreudsincero #repost #homem #rir #segura #palhaco #ninja #desejo #magico em Circo Estoril https://t.co/EdAi7wAwpo,not_toxic,not_toxic,not_toxic,not_toxic,not_toxic,not_toxic,not_toxic
@user @user Porra vc pede pra acabar com a discussão e provoca e são 3 mimizentas e lavradores contra 1... Aí é foda !!! Mas estou aqui... Vc par de estar gostando .. então vamos lá...,not_toxic,not_toxic,misogyny,not_toxic,not_toxic,not_toxic,not_toxic
@user porra queria muito ter esse problema,not_toxic,not_toxic,not_toxic,not_toxic,not_toxic,obscene,not_toxic
@user tá porra 🤤🤤,not_toxic,obscene,obscene,not_toxic,obscene,not_toxic,not_toxic
rt @user não mentiu https://t.co/ivly2gefsg https://t.co/0nmrapn8dy,not_toxic,not_toxic,not_toxic,not_toxic,not_toxic,not_toxic,not_toxic
rt @user mimhas amigas sao lindas tem um corpo lindo sao legais gente boa bonitas eu sou feia chata corpo feio e feia,not_toxic,not_toxic,not_toxic,not_toxic,not_toxic,not_toxic,not_toxic
"@user @user @user miga, o moses 茅 alinhadinho perto desse hahahah",not_toxic,not_toxic,not_toxic,not_toxic,not_toxic,not_toxic,not_toxic
#histórias do vento# embarque em sua jornada e participe de aventuras junto com seus amigos! https://t.co/50rjkvfz8p,not_toxic,not_toxic,not_toxic,not_toxic,not_toxic,not_toxic,not_toxic
"o sotaquezinho do mingyu enquanto fala inglês muito fofo pqp

""im so tired, im so tired, im so tired""",not_toxic,not_toxic,not_toxic,not_toxic,not_toxic,not_toxic,not_toxic
"mentiu, mentiroso do caralho all men do is lie",not_toxic,not_toxic,obscene,obscene,insult,not_toxic,not_toxic
eu prefiro alguém que olha só a vitrine me chamando de babaca. do que alguém que olha só a vitrine dizendo que me conhece por dentro,not_toxic,not_toxic,not_toxic,not_toxic,not_toxic,not_toxic,not_toxic
que sono cacete meu olho ta doendo,not_toxic,not_toxic,not_toxic,not_toxic,not_toxic,not_toxic,not_toxic
"assim como aconteceu com os nazistas, no futuro bolsonaristas serão todos condenados por crimes contra a humanidade",not_toxic,not_toxic,racism,not_toxic,not_toxic,not_toxic,not_toxic
vivem nababescamente as nossas custas e protegem ladrões e bandidos #stfvergonhanacional,not_toxic,racism,racism,not_toxic,not_toxic,xenophobia,xenophobia
@user caralho minha mulher é gata demais mano eu nao sei lidar,not_toxic,not_toxic,not_toxic,obscene,not_toxic,not_toxic,not_toxic
"tenho muitas metas a serem realizadas ,
jamais perderia meu precioso tempo com gentinha sem conteúdo , então me poupe desses mimimi 🙏😘",not_toxic,not_toxic,not_toxic,not_toxic,not_toxic,not_toxic,not_toxic
porra hj desabafei legal com o robinho só quem tá com nós desde lá de baixo sabe o que nós já passou ...,not_toxic,not_toxic,not_toxic,not_toxic,not_toxic,not_toxic,not_toxic
"Povo sem noção!!! Pra mim tinha q ficar sem baile nessa merda até janeiro, foi uma puta perda, foi qualquer um que morreu não crlh",not_toxic,not_toxic,obscene,not_toxic,xenophobia,not_toxic,not_toxic
"BASTA! Também somos contra linhas cortantes. 

Com a participação de atletas profissionais e das categorias de base, o #Galo reforça a campanha contra o uso de linhas cortantes, as conhecidas linhas com cerol, chilena ou encerada.

Saiba mais: https://t.co/P7eX59U8gt https://t.co/zK2ZNNx373",not_toxic,not_toxic,not_toxic,not_toxic,not_toxic,not_toxic,not_toxic
rt @user antes a moda era virar youtuber agr a moda é virar dj https://t.co/sbef3wdxii,not_toxic,not_toxic,not_toxic,not_toxic,not_toxic,not_toxic,not_toxic
"@user nem me fala cara, macho é tudo escroto jaguara bsjdbdjdbdj essa vida não tá fácil",not_toxic,insult,insult,insult,obscene,obscene,obscene
"Agora eu tenho que ter vergonha na cara, de algo que muitas pessoas gostam de fazer? Agora só por que eu tranzo, e gosto de tranzar, eu não sou uma moça direita! Ataaaa",not_toxic,not_toxic,misogyny,obscene,not_toxic,not_toxic,not_toxic
sou muito feio credo https://t.co/hlqm2c5in0,not_toxic,not_toxic,not_toxic,not_toxic,not_toxic,not_toxic,not_toxic
rt @user alguém disse inverno? https://t.co/xqftzqnitn,not_toxic,not_toxic,not_toxic,not_toxic,not_toxic,not_toxic,not_toxic
"queria guardar num potinho pessoas com sotaque tipo carioca, baiano. Acho muito sensa, sejam meus amigos, vocês com sotaque para me mandar áudios e eu admirar seu sotaque",not_toxic,not_toxic,not_toxic,not_toxic,not_toxic,not_toxic,not_toxic
"o pior tipo de pessoa, é aquela que espera uma hora propícia para jogar coisas na sua cara, pfv, não sejam assim, é muito babaca.",not_toxic,not_toxic,not_toxic,not_toxic,not_toxic,not_toxic,not_toxic
Fiz um vídeo  sobre um produto que desenvolvemos aqui no @user . Monte dinamicamente indicadores da contabilidade do setor público nacional e faça análises de séries temporais e de componentes de contas. #rstats #dataviz  https://t.co/oV8I0SiUVf,not_toxic,not_toxic,not_toxic,not_toxic,not_toxic,not_toxic,not_toxic
@user @user mas fica devendo na marcação. lateral não é só ser ofensivo,not_toxic,not_toxic,not_toxic,not_toxic,not_toxic,not_toxic,insult
aí eu de curiosa fui atender e o macho tava pelado balançando o pau,obscene,not_toxic,obscene,obscene,obscene,obscene,obscene
rt @user ontem no mc foi muito engraçado pqp kkkkkk,obscene,not_toxic,not_toxic,not_toxic,not_toxic,not_toxic,not_toxic
rt @user ✌️ thread de pornozão sapatão pra vc siriricar na madrugada 👅,obscene,not_toxic,obscene,obscene,obscene,obscene,obscene
"@user @user Cara, vá tomar no seu cu, ser desprezível, irracional, ameba, filho de uma puta covarde que se esconde com fake, lixo! Que porra isso tem haver com política! Esse merda que faz isso com uma criança deveria ser empalado em praça pública!",obscene,not_toxic,obscene,not_toxic,obscene,not_toxic,obscene
@user pegaram o bom senso e enfiaram no cu,obscene,not_toxic,obscene,obscene,obscene,obscene,not_toxic
pelo amor de deus onde é normal perder a virgindade com 14 anos? na maioria dos casos a pessoa não tem conhecimento nem sobre o seu próprio corpo pqp,obscene,not_toxic,obscene,not_toxic,not_toxic,not_toxic,not_toxic
"rt @user tenho que parar com essa mania de achar que ""fulano"" é diferente. pq no final é o msm pau no cu igual todos os outros.🖕🏾",obscene,obscene,insult,not_toxic,obscene,not_toxic,xenophobia
o giseok ta vivo caralho,obscene,not_toxic,not_toxic,not_toxic,not_toxic,not_toxic,not_toxic
"o tempo passa e vagabundo tá morrendo mais e construindo menos
rio é foda, deu mole, ficou de exemplo 🎵🎶",obscene,not_toxic,not_toxic,not_toxic,not_toxic,not_toxic,not_toxic
@user responde a porra do grupo filha da puta,obscene,not_toxic,obscene,not_toxic,obscene,not_toxic,not_toxic
"já to nervoso pro jogo amanhã pqp, não posso nem ficar pensando nisso",obscene,not_toxic,not_toxic,not_toxic,not_toxic,not_toxic,not_toxic
"o que vocês acham de fuder sem camisinha sabendo que pode engravidar mas namorado não liga, ele trancou a faculdade, a garota ainda está no colegial, as amigas vivem aconselhando a usar mas não são escutadas",obscene,not_toxic,obscene,not_toxic,obscene,not_toxic,not_toxic
"@user Puta merda, vale até apoiar o absurdo do imposto sobre o videogame para abastecer a narrativa caótica da imprensa!!!! Que LIXO!!!!",obscene,obscene,obscene,obscene,obscene,obscene,obscene
sdds de chupar uma buceta,obscene,obscene,obscene,obscene,obscene,obscene,obscene
"@user um cara mandou o flow se fuder falando que era eu, sendo que eu tava dormindo",obscene,not_toxic,not_toxic,not_toxic,not_toxic,not_toxic,not_toxic
rt @user @user precisa explicar ? sério isso? essa veja é uma merda msm. pqp!,obscene,obscene,obscene,obscene,not_toxic,obscene,obscene
@user @user vou até beber uma água pqp,obscene,not_toxic,obscene,not_toxic,not_toxic,not_toxic,not_toxic
"rt @user pizza grande                   r$ 60,00
pizza média                    r$ 57,00

ô meu amigo vá se fuder",obscene,not_toxic,obscene,obscene,obscene,obscene,obscene
que gripe fdp,obscene,not_toxic,obscene,obscene,not_toxic,obscene,not_toxic
rt @user pq tá todo mundo incomodado pq tomei 500ml de açaí no cu da manhã?,obscene,not_toxic,not_toxic,not_toxic,not_toxic,not_toxic,not_toxic
"@user pau no cu dele, vc é um anjo merece amor",obscene,obscene,obscene,obscene,obscene,obscene,obscene
"tesao pôs academia pqp..
#muitoputo https://t.co/yteq0clwfr",obscene,not_toxic,obscene,obscene,not_toxic,obscene,obscene
@user o flamengo se classificou. vcs estão discutindo o que?! segue o jogo caralho!,obscene,not_toxic,obscene,obscene,not_toxic,not_toxic,not_toxic
minha prima salvando o rolê mais uma vez. caralho todos melhores rolês da minha vida foi com ela,obscene,not_toxic,not_toxic,not_toxic,not_toxic,not_toxic,not_toxic
@user @user @user eu protejo seu cu,obscene,not_toxic,insult,insult,obscene,not_toxic,obscene
"@user @user ""toda sensual acariciando o pau na vdd to lavando"" kkkkkkkkkkkkkkkkkkkkkkkkkkkkkkkkkkkkkkkkkkkkkkkkkkkk",obscene,obscene,obscene,obscene,obscene,obscene,obscene
a festa da mel foi tão perfeita chorei muito aí eu amo a mel pqp,obscene,not_toxic,not_toxic,not_toxic,not_toxic,not_toxic,not_toxic
tu é mt gata pra esses menos fudido — rala dai feioso (a) https://t.co/uwwboxlyzw,obscene,not_toxic,not_toxic,not_toxic,not_toxic,not_toxic,not_toxic
"e minha mãe fica ""é normal olhar sua loca"" eu mentalmente ""normal o caralho""",obscene,not_toxic,obscene,not_toxic,not_toxic,misogyny,not_toxic
vsf coloca a amanda,obscene,not_toxic,not_toxic,not_toxic,not_toxic,not_toxic,not_toxic
"@user teu seio , pego bem gostoso nele , xupadinhas , com mordidinhas , hummm , q delícia amorrr .. Com uma outra mãozinha "" boba "" , vai descendo por teu corpo , ate chegar ,em tua virilhia , aiii morrr , vc é d ++ , passo minha não , na tua glub , q delicia , lisinha , penetro um",obscene,obscene,obscene,obscene,obscene,obscene,obscene
@user @user @user mete mas é os dedos no cu seu cabrao nem tomas banho,obscene,obscene,obscene,not_toxic,obscene,obscene,obscene
"rt @user • apesar de ser um nenê, porra macho lindo do caralho",obscene,not_toxic,obscene,obscene,not_toxic,not_toxic,obscene
rt @user que caralho de gente chata mano tomar no cu o são paulo não vai anunciar o juanfran agora com um milhão de jogo acontecendo,obscene,not_toxic,misogyny,obscene,obscene,obscene,obscene
acorda td dia de p** duro? — kkkkkkkkkk va se foder https://t.co/auy89u5mkn,obscene,not_toxic,obscene,obscene,obscene,obscene,obscene
estou me iludindo sim ou obvio filha da puta,obscene,not_toxic,obscene,obscene,obscene,obscene,obscene
"garoto se eu te pego eu sento tanto nesse teu pau com força vc vai gemer tao alto q o som vai ultrapassar a estra… — Eiiitaaaapohaaa , chama no Pv bb vamo marca essa coroação aí ⚔️ https://t.co/ZreTSuCezm",obscene,not_toxic,obscene,obscene,obscene,obscene,obscene
"pau no cu da republica dominicana
aqui é brasil",obscene,racism,xenophobia,xenophobia,xenophobia,xenophobia,not_toxic
"Esse mês eu vou viajar pra uma cidade em minas que simplesmente não tem banco, ou seja, nada de cartões la 
O que quer dizer q to fudido pq eu n ando com dinheiro",obscene,not_toxic,not_toxic,not_toxic,not_toxic,not_toxic,not_toxic
@user vão te toma no cú @user enfia o robo no bunda -'-,obscene,obscene,obscene,obscene,obscene,obscene,not_toxic
"séc. xxi e eu ainda sou obrigado a mijar de pau duro quando acordo.
até quando brasil?????",obscene,not_toxic,not_toxic,not_toxic,not_toxic,not_toxic,not_toxic
"rt @user vai tomar no cu, eu to cansadaaaaaaaaaaaaaaaaaaaaa",obscene,not_toxic,obscene,not_toxic,obscene,obscene,obscene
@user porra to só a preguiça de lavar o meu,obscene,not_toxic,misogyny,not_toxic,obscene,obscene,obscene
"@user vai-te foder idiota do crl. tu realmente não tens clube, só tens faro pelo spotlight que te dê mais visibilidade.",obscene,not_toxic,obscene,obscene,obscene,insult,insult
"empatia é o que vcs enfiam no cu né? depois vem com textao de setembro amarelo, vão se foder",obscene,not_toxic,obscene,obscene,misogyny,homophobia,misogyny
@user @user vai se fuder entao vcs dois,obscene,not_toxic,insult,not_toxic,obscene,obscene,obscene
"putinha sem calcinha 😂😂😂😂
sacanagem",obscene,obscene,obscene,obscene,obscene,obscene,obscene
"@user máximo respeito à esses 150 torcedores e a grande maioria torcida corinthiana, nesse aspecto vocês são foda pra caralho",obscene,not_toxic,not_toxic,not_toxic,not_toxic,not_toxic,not_toxic
@user enfia o dedo no cu e rasga kkk,obscene,obscene,obscene,obscene,obscene,obscene,obscene
@user vinte e dois pqp #mpn #nowunited #uniters,obscene,not_toxic,obscene,obscene,obscene,obscene,obscene
@user @user vai fica falando bota ah cara porra tá facinho seus cuzão 🐊🐇👑✂️🇮🇱👌,obscene,not_toxic,obscene,obscene,insult,obscene,not_toxic
"frio da porra, da nem vontade de sair da cama",obscene,not_toxic,not_toxic,not_toxic,not_toxic,not_toxic,not_toxic
@user vtnc. petista de merda!!,obscene,not_toxic,racism,obscene,not_toxic,not_toxic,not_toxic
"@user @user @user o cara só é simplesmente o maior vencedor da história de futebol, tá com 36 anos e tem gás demais e não um gordo com joelho fodido",obscene,not_toxic,not_toxic,not_toxic,not_toxic,not_toxic,not_toxic
"""vlw chamar"" o bagulho q eu odeio, vai se fode, nao me manda essa porra",obscene,not_toxic,not_toxic,not_toxic,obscene,not_toxic,obscene
@user parecendo um traveco,homophobia,not_toxic,not_toxic,not_toxic,not_toxic,not_toxic,not_toxic
arrumar conta é coisa de boiola !,homophobia,xenophobia,not_toxic,obscene,xenophobia,xenophobia,racism
rt @user não tem nada mais insuportável que viado que fica de briguinha por diva pop,homophobia,homophobia,homophobia,homophobia,homophobia,homophobia,homophobia
@user ruim é ouvir funk de são paulo seu viado,homophobia,homophobia,homophobia,homophobia,homophobia,homophobia,homophobia
